fiscal_year,statement,item_ja,value_oku_yen,prev_oku_yen,order,file,page
2026,revenue,租税及印紙収入,837350.0,778190.0,0,gaisan.pdf,1
2026,revenue,その他収入,89902.0,87318.0,1,gaisan.pdf,1
2026,revenue,公債金,295840.0,286471.0,2,gaisan.pdf,1
2026,revenue,⑴公債金,67160.0,67910.0,3,gaisan.pdf,1
2026,revenue,⑵特例公債金,228680.0,218561.0,4,gaisan.pdf,1
2026,revenue,合計,1223092.0,1151978.0,5,gaisan.pdf,1
2026,expenditure,社会保障関係費,390559.0,382938.0,0,gaisan.pdf,3
2026,expenditure,文教及び科学振興費,60406.0,56560.0,1,gaisan.pdf,3
2026,expenditure,うち科学技術振興費,14378.0,14221.0,2,gaisan.pdf,3
2026,expenditure,国債費,312758.0,282179.0,3,gaisan.pdf,3
2026,expenditure,恩給関係費,493.0,623.0,4,gaisan.pdf,3
2026,expenditure,地方交付税交付金等,208778.0,188728.0,5,gaisan.pdf,3
2026,expenditure,防衛関係費,89843.0,86691.0,6,gaisan.pdf,3
2026,expenditure,公共事業関係費,61078.0,60858.0,7,gaisan.pdf,3
2026,expenditure,経済協力費,5108.0,5050.0,8,gaisan.pdf,3
2026,expenditure,中小企業対策費,1700.0,1695.0,9,gaisan.pdf,3
2026,expenditure,エネルギー対策費,8001.0,8111.0,10,gaisan.pdf,3
2026,expenditure,食料安定供給関係費,12729.0,12609.0,11,gaisan.pdf,3
2026,expenditure,その他の事項経費,61640.0,58543.0,12,gaisan.pdf,3
2026,expenditure,予備費,10000.0,7395.0,13,gaisan.pdf,3
2026,expenditure,合計,1223092.0,1151978.0,14,gaisan.pdf,3
2026,tax,源泉所得税,206040.0,182290.0,0,tax.pdf,1
2026,tax,申告所得税,47210.0,44370.0,1,tax.pdf,1
2026,tax,所得税計,253250.0,226660.0,2,tax.pdf,1
2026,tax,防衛特別所得税（仮称）,380.0,,3,tax.pdf,1
2026,tax,法人税,206960.0,192450.0,4,tax.pdf,1
2026,tax,防衛特別法人税,5760.0,,5,tax.pdf,1
2026,tax,相続税,38180.0,34610.0,6,tax.pdf,1
2026,tax,消費税,266880.0,249080.0,7,tax.pdf,1
2026,tax,酒税,11470.0,11740.0,8,tax.pdf,1
2026,tax,たばこ税,9760.0,9530.0,9,tax.pdf,1
2026,tax,揮発油税,9720.0,19760.0,10,tax.pdf,1
2026,tax,石油ガス税,40.0,40.0,11,tax.pdf,1
2026,tax,航空機燃料税,400.0,400.0,12,tax.pdf,1
2026,tax,石油石炭税,5980.0,6010.0,13,tax.pdf,1
2026,tax,電源開発促進税,3140.0,3070.0,14,tax.pdf,1
2026,tax,自動車重量税,4210.0,4070.0,15,tax.pdf,1
2026,tax,国際観光旅客税,1300.0,490.0,16,tax.pdf,1
2026,tax,関税,9030.0,9890.0,17,tax.pdf,1
2026,tax,とん税,90.0,90.0,18,tax.pdf,1
2026,tax,印紙収入,10800.0,10300.0,19,tax.pdf,1
2026,tax,一般会計分計,837350.0,778190.0,20,tax.pdf,1
2026,debt_service,国債費,312758.0,282179.0,0,frame.pdf,1
2026,debt_service,うち債務償還費（交付国債分を除く）,178898.0,173425.0,1,frame.pdf,1
2026,debt_service,うち利払費,130371.0,105230.0,2,frame.pdf,1
2026,social_security,社会保障関係費（Ｃ）,390559.0,382938.0,0,social_security.pdf,4
2026,social_security,年金給付費,139012.0,136916.0,1,social_security.pdf,4
2026,social_security,医療給付費,126895.0,123368.0,2,social_security.pdf,4
2026,social_security,介護給付費,37806.0,37274.0,3,social_security.pdf,4
2026,social_security,少子化対策費,35335.0,35213.0,4,social_security.pdf,4
2026,social_security,生活扶助等社会福祉費,47277.0,45275.0,5,social_security.pdf,4
2026,social_security,保健衛生対策費,3778.0,4434.0,6,social_security.pdf,4
2026,social_security,雇用労災対策費,456.0,458.0,7,social_security.pdf,4
