statement,fiscal_year,column,source_file_year,source_folder,order,heading,item_ja,item_en,level,value_oku_yen
cash_flow,2019,previous,2020,fy2020,1,１財源,租税等収入,Tax and similar receipts,3,621751.34
cash_flow,2019,previous,2020,fy2020,2,１財源,その他の収入,Other receipts,3,676312.73
cash_flow,2019,previous,2020,fy2020,3,１財源,前年度剰余金受入,Surplus carried from previous year,3,157024.05
cash_flow,2019,previous,2020,fy2020,4,１財源,資金からの受入（予算上措置されたもの）,Transfers from funds (budgeted),3,153957.56
cash_flow,2019,previous,2020,fy2020,5,１財源,財源合計,Total funding,2,1609045.71
cash_flow,2019,previous,2020,fy2020,6,業務支出（施設整備支出を除く）,人件費,Personnel,4,-53072.98
cash_flow,2019,previous,2020,fy2020,7,業務支出（施設整備支出を除く）,恩給給付費,Old-age pensions for former public servants (恩給),4,-1910.06
cash_flow,2019,previous,2020,fy2020,8,業務支出（施設整備支出を除く）,基礎年金給付費,Basic pension benefits,4,-233352.32
cash_flow,2019,previous,2020,fy2020,9,業務支出（施設整備支出を除く）,国民年金給付費,National pension benefits,4,-4082.15
cash_flow,2019,previous,2020,fy2020,10,業務支出（施設整備支出を除く）,厚生年金給付費,Employees' pension benefits,4,-235716.64
cash_flow,2019,previous,2020,fy2020,11,業務支出（施設整備支出を除く）,国家公務員共済組合連合会等交付金,Public-servant mutual aid grants,4,-46008.38
cash_flow,2019,previous,2020,fy2020,12,業務支出（施設整備支出を除く）,保険料等交付金,Health insurance grants,4,-105236.91
cash_flow,2019,previous,2020,fy2020,13,業務支出（施設整備支出を除く）,失業等給付費,Unemployment benefits,4,-10916.75
cash_flow,2019,previous,2020,fy2020,14,業務支出（施設整備支出を除く）,育児休業給付費,Childcare leave benefits,4,-5709.34
cash_flow,2019,previous,2020,fy2020,15,業務支出（施設整備支出を除く）,雇用安定等給付費,Employment stabilisation benefits,4,-1836.8
cash_flow,2019,previous,2020,fy2020,16,業務支出（施設整備支出を除く）,その他の社会保障費,Other social security,4,-11467.95
cash_flow,2019,previous,2020,fy2020,17,業務支出（施設整備支出を除く）,（再）保険費等,(Re)insurance claims,4,-312.72
cash_flow,2019,previous,2020,fy2020,18,業務支出（施設整備支出を除く）,公共用施設整備費等,Public facility maintenance,4,-1086.56
cash_flow,2019,previous,2020,fy2020,19,業務支出（施設整備支出を除く）,持続化給付金等,Business continuity payments (COVID-19),4,0.0
cash_flow,2019,previous,2020,fy2020,20,業務支出（施設整備支出を除く）,補助金等,Subsidies,4,-328765.79
cash_flow,2019,previous,2020,fy2020,21,業務支出（施設整備支出を除く）,委託費等,Outsourcing,4,-24427.82
cash_flow,2019,previous,2020,fy2020,22,業務支出（施設整備支出を除く）,地方交付税交付金等,Transfers to local governments (地方交付税),4,-198213.58
cash_flow,2019,previous,2020,fy2020,23,業務支出（施設整備支出を除く）,運営費交付金,Grants to independent agencies,4,-33611.95
cash_flow,2019,previous,2020,fy2020,24,業務支出（施設整備支出を除く）,貸付けによる支出,Lending,4,-1226.64
cash_flow,2019,previous,2020,fy2020,25,業務支出（施設整備支出を除く）,出資による支出,Capital investment,4,-6947.44
cash_flow,2019,previous,2020,fy2020,26,業務支出（施設整備支出を除く）,庁費等の支出,Office expenses,4,-44100.58
cash_flow,2019,previous,2020,fy2020,27,業務支出（施設整備支出を除く）,その他の支出,Other payments,4,-10400.87
cash_flow,2019,previous,2020,fy2020,28,業務支出（施設整備支出を除く）,資金への繰入（予算上措置されたもの）,Transfers to funds (budgeted),4,-125499.99
cash_flow,2019,previous,2020,fy2020,29,業務支出（施設整備支出を除く）,業務支出（施設整備支出を除く）合計,Operating payments excl. facilities,3,-1483904.33
cash_flow,2019,previous,2020,fy2020,30,施設整備支出,公共用財産用地に係る支出,Public-use land,4,-1770.49
cash_flow,2019,previous,2020,fy2020,31,施設整備支出,公共用財産施設に係る支出,Public-use facilities,4,-28856.48
cash_flow,2019,previous,2020,fy2020,32,施設整備支出,その他の施設整備支出,Other facility payments,4,-17846.27
cash_flow,2019,previous,2020,fy2020,33,施設整備支出,施設整備支出合計,Total facility payments,3,-48473.25
cash_flow,2019,previous,2020,fy2020,34,施設整備支出,業務支出合計,Total operating payments,2,-1532377.59
cash_flow,2019,previous,2020,fy2020,35,施設整備支出,業務収支,Operating cash flow,1,76668.11
cash_flow,2019,previous,2020,fy2020,36,財務収支,公債の発行による収入,Bond issuance,2,1541801.11
cash_flow,2019,previous,2020,fy2020,37,財務収支,公債の償還による支出,Bond redemption,2,-1324068.24
cash_flow,2019,previous,2020,fy2020,38,財務収支,政府短期証券の発行による収入,Financing bill issuance,2,12717.0
cash_flow,2019,previous,2020,fy2020,39,財務収支,政府短期証券の償還による支出,Financing bill redemption,2,-12757.0
cash_flow,2019,previous,2020,fy2020,40,財務収支,借入による収入,Borrowing,2,314509.72
cash_flow,2019,previous,2020,fy2020,41,財務収支,借入金の返済による支出,Loan repayment,2,-310115.73
cash_flow,2019,previous,2020,fy2020,42,財務収支,リース・ＰＦＩ債務の返済による支出,Lease/PFI repayments,2,-579.87
cash_flow,2019,previous,2020,fy2020,43,財務収支,預託金利息,Interest on FILP deposits,2,-485.45
cash_flow,2019,previous,2020,fy2020,44,財務収支,利息の支払額（預託金利息を除く）,Interest paid,2,-84493.12
cash_flow,2019,previous,2020,fy2020,45,財務収支,公債事務取扱に係る支出,Bond administration,2,-325.88
cash_flow,2019,previous,2020,fy2020,46,財務収支,資金からの受入,Transfers from funds,2,95777.75
cash_flow,2019,previous,2020,fy2020,47,財務収支,資金への繰入,Transfers to funds,2,-106866.21
cash_flow,2019,previous,2020,fy2020,48,財務収支,財務収支,Financing cash flow,1,125114.04
cash_flow,2019,previous,2020,fy2020,49,財務収支,本年度収支,Net cash flow for the year,1,201782.16
cash_flow,2019,previous,2020,fy2020,50,財務収支,資金からの受入（決算処理によるもの）,Transfers from funds (settlement),2,430.82
cash_flow,2019,previous,2020,fy2020,51,財務収支,資金への繰入（決算処理によるもの）,Transfers to funds (settlement),2,-30221.23
cash_flow,2019,previous,2020,fy2020,52,財務収支,翌年度歳入繰入,Carried to next year's revenue,1,171991.74
cash_flow,2019,previous,2020,fy2020,53,財務収支,特別会計に関する法律第47条第1項の規定による借換国債収入額,Advance refunding bond receipts (Special Accounts Act art. 47),2,450827.16
cash_flow,2019,previous,2020,fy2020,54,財務収支,翌年度歳入繰入の預託金への運用,Carry-over placed in FILP deposits,2,-7459.04
cash_flow,2019,previous,2020,fy2020,55,財務収支,翌年度歳入繰入の預託金以外への運用,Carry-over placed elsewhere,2,-6284.71
cash_flow,2019,previous,2020,fy2020,56,財務収支,収支に関する換算差額,Translation difference,2,-313.89
cash_flow,2019,previous,2020,fy2020,57,財務収支,資金本年度末残高,Fund balances at year end,2,235938.95
cash_flow,2019,previous,2020,fy2020,58,財務収支,その他歳計外現金･預金本年度末残高,Other off-budget cash at year end,2,12390.64
cash_flow,2019,previous,2020,fy2020,59,財務収支,国庫余裕金の繰替使用,Temporary use of treasury surplus,2,-396000.0
cash_flow,2019,previous,2020,fy2020,60,財務収支,本年度末現金･預金残高,Cash and deposits at year end,1,461090.86
cash_flow,2020,current,2020,fy2020,1,１財源,租税等収入,Tax and similar receipts,3,649330.13
cash_flow,2020,current,2020,fy2020,2,１財源,その他の収入,Other receipts,3,661345.16
cash_flow,2020,current,2020,fy2020,3,１財源,前年度剰余金受入,Surplus carried from previous year,3,171991.74
cash_flow,2020,current,2020,fy2020,4,１財源,資金からの受入（予算上措置されたもの）,Transfers from funds (budgeted),3,167975.49
cash_flow,2020,current,2020,fy2020,5,１財源,財源合計,Total funding,2,1650642.54
cash_flow,2020,current,2020,fy2020,6,業務支出（施設整備支出を除く）,人件費,Personnel,4,-52416.99
cash_flow,2020,current,2020,fy2020,7,業務支出（施設整備支出を除く）,恩給給付費,Old-age pensions for former public servants (恩給),4,-1588.08
cash_flow,2020,current,2020,fy2020,8,業務支出（施設整備支出を除く）,基礎年金給付費,Basic pension benefits,4,-238053.0
cash_flow,2020,current,2020,fy2020,9,業務支出（施設整備支出を除く）,国民年金給付費,National pension benefits,4,-3491.11
cash_flow,2020,current,2020,fy2020,10,業務支出（施設整備支出を除く）,厚生年金給付費,Employees' pension benefits,4,-234745.73
cash_flow,2020,current,2020,fy2020,11,業務支出（施設整備支出を除く）,国家公務員共済組合連合会等交付金,Public-servant mutual aid grants,4,-46031.06
cash_flow,2020,current,2020,fy2020,12,業務支出（施設整備支出を除く）,保険料等交付金,Health insurance grants,4,-104477.58
cash_flow,2020,current,2020,fy2020,13,業務支出（施設整備支出を除く）,失業等給付費,Unemployment benefits,4,-13825.84
cash_flow,2020,current,2020,fy2020,14,業務支出（施設整備支出を除く）,育児休業給付費,Childcare leave benefits,4,-6436.69
cash_flow,2020,current,2020,fy2020,15,業務支出（施設整備支出を除く）,雇用安定等給付費,Employment stabilisation benefits,4,-32062.15
cash_flow,2020,current,2020,fy2020,16,業務支出（施設整備支出を除く）,その他の社会保障費,Other social security,4,-16669.13
cash_flow,2020,current,2020,fy2020,17,業務支出（施設整備支出を除く）,（再）保険費等,(Re)insurance claims,4,-206.27
cash_flow,2020,current,2020,fy2020,18,業務支出（施設整備支出を除く）,公共用施設整備費等,Public facility maintenance,4,-1067.67
cash_flow,2020,current,2020,fy2020,19,業務支出（施設整備支出を除く）,持続化給付金等,Business continuity payments (COVID-19),4,-71691.92
cash_flow,2020,current,2020,fy2020,20,業務支出（施設整備支出を除く）,補助金等,Subsidies,4,-636541.33
cash_flow,2020,current,2020,fy2020,21,業務支出（施設整備支出を除く）,委託費等,Outsourcing,4,-30835.6
cash_flow,2020,current,2020,fy2020,22,業務支出（施設整備支出を除く）,地方交付税交付金等,Transfers to local governments (地方交付税),4,-194468.95
cash_flow,2020,current,2020,fy2020,23,業務支出（施設整備支出を除く）,運営費交付金,Grants to independent agencies,4,-34620.23
cash_flow,2020,current,2020,fy2020,24,業務支出（施設整備支出を除く）,貸付けによる支出,Lending,4,-1240.95
cash_flow,2020,current,2020,fy2020,25,業務支出（施設整備支出を除く）,出資による支出,Capital investment,4,-55551.94
cash_flow,2020,current,2020,fy2020,26,業務支出（施設整備支出を除く）,庁費等の支出,Office expenses,4,-55187.8
cash_flow,2020,current,2020,fy2020,27,業務支出（施設整備支出を除く）,その他の支出,Other payments,4,-9776.1
cash_flow,2020,current,2020,fy2020,28,業務支出（施設整備支出を除く）,資金への繰入（予算上措置されたもの）,Transfers to funds (budgeted),4,-391501.23
cash_flow,2020,current,2020,fy2020,29,業務支出（施設整備支出を除く）,業務支出（施設整備支出を除く）合計,Operating payments excl. facilities,3,-2232487.45
cash_flow,2020,current,2020,fy2020,30,施設整備支出,公共用財産用地に係る支出,Public-use land,4,-1928.14
cash_flow,2020,current,2020,fy2020,31,施設整備支出,公共用財産施設に係る支出,Public-use facilities,4,-34470.35
cash_flow,2020,current,2020,fy2020,32,施設整備支出,その他の施設整備支出,Other facility payments,4,-14645.03
cash_flow,2020,current,2020,fy2020,33,施設整備支出,施設整備支出合計,Total facility payments,3,-51043.53
cash_flow,2020,current,2020,fy2020,34,施設整備支出,業務支出合計,Total operating payments,2,-2283530.98
cash_flow,2020,current,2020,fy2020,35,施設整備支出,業務収支,Operating cash flow,1,-632888.44
cash_flow,2020,current,2020,fy2020,36,財務収支,公債の発行による収入,Bond issuance,2,2568552.67
cash_flow,2020,current,2020,fy2020,37,財務収支,公債の償還による支出,Bond redemption,2,-1347356.99
cash_flow,2020,current,2020,fy2020,38,財務収支,政府短期証券の発行による収入,Financing bill issuance,2,12769.0
cash_flow,2020,current,2020,fy2020,39,財務収支,政府短期証券の償還による支出,Financing bill redemption,2,-12717.0
cash_flow,2020,current,2020,fy2020,40,財務収支,借入による収入,Borrowing,2,319373.15
cash_flow,2020,current,2020,fy2020,41,財務収支,借入金の返済による支出,Loan repayment,2,-314348.43
cash_flow,2020,current,2020,fy2020,42,財務収支,リース・ＰＦＩ債務の返済による支出,Lease/PFI repayments,2,-434.05
cash_flow,2020,current,2020,fy2020,43,財務収支,預託金利息,Interest on FILP deposits,2,-424.08
cash_flow,2020,current,2020,fy2020,44,財務収支,利息の支払額（預託金利息を除く）,Interest paid,2,-81805.17
cash_flow,2020,current,2020,fy2020,45,財務収支,公債事務取扱に係る支出,Bond administration,2,-180.29
cash_flow,2020,current,2020,fy2020,46,財務収支,資金からの受入,Transfers from funds,2,92383.86
cash_flow,2020,current,2020,fy2020,47,財務収支,資金への繰入,Transfers to funds,2,-102686.37
cash_flow,2020,current,2020,fy2020,48,財務収支,財務収支,Financing cash flow,1,1133126.26
cash_flow,2020,current,2020,fy2020,49,財務収支,本年度収支,Net cash flow for the year,1,500237.82
cash_flow,2020,current,2020,fy2020,50,財務収支,資金からの受入（決算処理によるもの）,Transfers from funds (settlement),2,4120.46
cash_flow,2020,current,2020,fy2020,51,財務収支,資金への繰入（決算処理によるもの）,Transfers to funds (settlement),2,-37051.38
cash_flow,2020,current,2020,fy2020,52,財務収支,翌年度歳入繰入,Carried to next year's revenue,1,467306.9
cash_flow,2020,current,2020,fy2020,53,財務収支,特別会計に関する法律第47条第1項の規定による借換国債収入額,Advance refunding bond receipts (Special Accounts Act art. 47),2,93725.78
cash_flow,2020,current,2020,fy2020,54,財務収支,翌年度歳入繰入の預託金への運用,Carry-over placed in FILP deposits,2,-5120.65
cash_flow,2020,current,2020,fy2020,55,財務収支,翌年度歳入繰入の預託金以外への運用,Carry-over placed elsewhere,2,-1995.47
cash_flow,2020,current,2020,fy2020,56,財務収支,収支に関する換算差額,Translation difference,2,-6603.05
cash_flow,2020,current,2020,fy2020,57,財務収支,資金本年度末残高,Fund balances at year end,2,379368.95
cash_flow,2020,current,2020,fy2020,58,財務収支,その他歳計外現金･預金本年度末残高,Other off-budget cash at year end,2,13954.4
cash_flow,2020,current,2020,fy2020,59,財務収支,国庫余裕金の繰替使用,Temporary use of treasury surplus,2,-246000.0
cash_flow,2020,current,2020,fy2020,60,財務収支,本年度末現金･預金残高,Cash and deposits at year end,1,694636.85
cash_flow,2021,current,2021,fy2021,1,１財源,租税等収入,Tax and similar receipts,3,718811.11
cash_flow,2021,current,2021,fy2021,2,１財源,その他の収入,Other receipts,3,691649.55
cash_flow,2021,current,2021,fy2021,3,１財源,前年度剰余金受入,Surplus carried from previous year,3,467306.9
cash_flow,2021,current,2021,fy2021,4,１財源,資金からの受入（予算上措置されたもの）,Transfers from funds (budgeted),3,274696.56
cash_flow,2021,current,2021,fy2021,5,１財源,財源合計,Total funding,2,2152464.13
cash_flow,2021,current,2021,fy2021,6,業務支出（施設整備支出を除く）,人件費,Personnel,4,-53263.76
cash_flow,2021,current,2021,fy2021,7,業務支出（施設整備支出を除く）,恩給給付費,Old-age pensions for former public servants (恩給),4,-1303.51
cash_flow,2021,current,2021,fy2021,8,業務支出（施設整備支出を除く）,基礎年金給付費,Basic pension benefits,4,-240926.2
cash_flow,2021,current,2021,fy2021,9,業務支出（施設整備支出を除く）,国民年金給付費,National pension benefits,4,-2964.55
cash_flow,2021,current,2021,fy2021,10,業務支出（施設整備支出を除く）,厚生年金給付費,Employees' pension benefits,4,-234567.68
cash_flow,2021,current,2021,fy2021,11,業務支出（施設整備支出を除く）,国家公務員共済組合連合会等交付金,Public-servant mutual aid grants,4,-49014.41
cash_flow,2021,current,2021,fy2021,12,業務支出（施設整備支出を除く）,保険料等交付金,Health insurance grants,4,-108788.96
cash_flow,2021,current,2021,fy2021,13,業務支出（施設整備支出を除く）,失業等給付費,Unemployment benefits,4,-13093.11
cash_flow,2021,current,2021,fy2021,14,業務支出（施設整備支出を除く）,育児休業給付費,Childcare leave benefits,4,-6451.72
cash_flow,2021,current,2021,fy2021,15,業務支出（施設整備支出を除く）,雇用安定等給付費,Employment stabilisation benefits,4,-24179.31
cash_flow,2021,current,2021,fy2021,16,業務支出（施設整備支出を除く）,その他の社会保障費,Other social security,4,-17234.41
cash_flow,2021,current,2021,fy2021,17,業務支出（施設整備支出を除く）,（再）保険費等,(Re)insurance claims,4,-1448.36
cash_flow,2021,current,2021,fy2021,18,業務支出（施設整備支出を除く）,公共用施設整備費等,Public facility maintenance,4,-710.71
cash_flow,2021,current,2021,fy2021,19,業務支出（施設整備支出を除く）,持続化給付金等,Business continuity payments (COVID-19),4,-11164.37
cash_flow,2021,current,2021,fy2021,20,業務支出（施設整備支出を除く）,補助金等,Subsidies,4,-567724.11
cash_flow,2021,current,2021,fy2021,21,業務支出（施設整備支出を除く）,委託費等,Outsourcing,4,-27300.47
cash_flow,2021,current,2021,fy2021,22,業務支出（施設整備支出を除く）,地方交付税交付金等,Transfers to local governments (地方交付税),4,-224063.53
cash_flow,2021,current,2021,fy2021,23,業務支出（施設整備支出を除く）,運営費交付金,Grants to independent agencies,4,-31916.17
cash_flow,2021,current,2021,fy2021,24,業務支出（施設整備支出を除く）,貸付けによる支出,Lending,4,-1292.5
cash_flow,2021,current,2021,fy2021,25,業務支出（施設整備支出を除く）,出資による支出,Capital investment,4,-79826.1
cash_flow,2021,current,2021,fy2021,26,業務支出（施設整備支出を除く）,庁費等の支出,Office expenses,4,-51584.99
cash_flow,2021,current,2021,fy2021,27,業務支出（施設整備支出を除く）,その他の支出,Other payments,4,-10499.88
cash_flow,2021,current,2021,fy2021,28,業務支出（施設整備支出を除く）,資金への繰入（予算上措置されたもの）,Transfers to funds (budgeted),4,-102108.0
cash_flow,2021,current,2021,fy2021,29,業務支出（施設整備支出を除く）,業務支出（施設整備支出を除く）合計,Operating payments excl. facilities,3,-1861426.92
cash_flow,2021,current,2021,fy2021,30,施設整備支出,公共用財産用地に係る支出,Public-use land,4,-1897.82
cash_flow,2021,current,2021,fy2021,31,施設整備支出,公共用財産施設に係る支出,Public-use facilities,4,-32907.64
cash_flow,2021,current,2021,fy2021,32,施設整備支出,その他の施設整備支出,Other facility payments,4,-19397.38
cash_flow,2021,current,2021,fy2021,33,施設整備支出,施設整備支出合計,Total facility payments,3,-54202.84
cash_flow,2021,current,2021,fy2021,34,施設整備支出,業務支出合計,Total operating payments,2,-1915629.77
cash_flow,2021,current,2021,fy2021,35,施設整備支出,業務収支,Operating cash flow,1,236834.36
cash_flow,2021,current,2021,fy2021,36,財務収支,公債の発行による収入,Bond issuance,2,2106897.43
cash_flow,2021,current,2021,fy2021,37,財務収支,公債の償還による支出,Bond redemption,2,-1855614.72
cash_flow,2021,current,2021,fy2021,38,財務収支,政府短期証券の発行による収入,Financing bill issuance,2,13394.0
cash_flow,2021,current,2021,fy2021,39,財務収支,政府短期証券の償還による支出,Financing bill redemption,2,-12769.0
cash_flow,2021,current,2021,fy2021,40,財務収支,借入による収入,Borrowing,2,326140.56
cash_flow,2021,current,2021,fy2021,41,財務収支,借入金の返済による支出,Loan repayment,2,-319228.34
cash_flow,2021,current,2021,fy2021,42,財務収支,リース・ＰＦＩ債務の返済による支出,Lease/PFI repayments,2,-438.96
cash_flow,2021,current,2021,fy2021,43,財務収支,預託金利息,Interest on FILP deposits,2,-360.11
cash_flow,2021,current,2021,fy2021,44,財務収支,利息の支払額（預託金利息を除く）,Interest paid,2,-79688.94
cash_flow,2021,current,2021,fy2021,45,財務収支,公債事務取扱に係る支出,Bond administration,2,-225.21
cash_flow,2021,current,2021,fy2021,46,財務収支,その他収入,Other receipts,2,0.0
cash_flow,2021,current,2021,fy2021,47,財務収支,資金からの受入,Transfers from funds,2,75925.64
cash_flow,2021,current,2021,fy2021,48,財務収支,資金への繰入,Transfers to funds,2,-98600.42
cash_flow,2021,current,2021,fy2021,49,財務収支,財務収支,Financing cash flow,1,155431.91
cash_flow,2021,current,2021,fy2021,50,財務収支,本年度収支,Net cash flow for the year,1,392266.27
cash_flow,2021,current,2021,fy2021,51,財務収支,資金からの受入（決算処理によるもの）,Transfers from funds (settlement),2,8971.66
cash_flow,2021,current,2021,fy2021,52,財務収支,資金への繰入（決算処理によるもの）,Transfers to funds (settlement),2,-56389.13
cash_flow,2021,current,2021,fy2021,53,財務収支,国立研究開発法人森林総合研究所に承継する額,Transferred to Forest Research institute,2,0.0
cash_flow,2021,current,2021,fy2021,54,財務収支,旧臨時軍事費特別会計に係る控除額,Deduction for former wartime special account,2,0.0
cash_flow,2021,current,2021,fy2021,55,財務収支,「高度専門医療に関する研究等を行う独立行政法人に関する法律」第2条各号に規定する独立行政法人に承継する支出,Transferred to national advanced-medicine research agencies,2,0.0
cash_flow,2021,current,2021,fy2021,56,財務収支,収支に関する換算差額,Translation difference,2,0.0
cash_flow,2021,current,2021,fy2021,57,財務収支,翌年度歳入繰入,Carried to next year's revenue,1,344848.8
cash_flow,2021,current,2021,fy2021,58,財務収支,特別会計に関する法律第47条第1項の規定による借換国債収入額,Advance refunding bond receipts (Special Accounts Act art. 47),2,151357.93
cash_flow,2021,current,2021,fy2021,59,財務収支,翌年度歳入繰入の預託金への運用,Carry-over placed in FILP deposits,2,-6037.34
cash_flow,2021,current,2021,fy2021,60,財務収支,翌年度歳入繰入の預託金以外への運用,Carry-over placed elsewhere,2,-1398.9
cash_flow,2021,current,2021,fy2021,61,財務収支,収支に関する換算差額 (2),Translation difference,2,14656.93
cash_flow,2021,current,2021,fy2021,62,財務収支,資金本年度末残高,Fund balances at year end,2,263047.9
cash_flow,2021,current,2021,fy2021,63,財務収支,その他歳計外現金･預金本年度末残高,Other off-budget cash at year end,2,15124.95
cash_flow,2021,current,2021,fy2021,64,財務収支,国庫余裕金の繰替使用,Temporary use of treasury surplus,2,-299000.0
cash_flow,2021,current,2021,fy2021,65,財務収支,本年度末現金･預金残高,Cash and deposits at year end,1,482600.28
cash_flow,2022,current,2022,fy2022,1,１財源,租税等収入,Tax and similar receipts,3,763376.99
cash_flow,2022,current,2022,fy2022,2,１財源,その他の収入,Other receipts,3,698316.1
cash_flow,2022,current,2022,fy2022,3,１財源,前年度剰余金受入,Surplus carried from previous year,3,344848.8
cash_flow,2022,current,2022,fy2022,4,１財源,資金からの受入（予算上措置されたもの）,Transfers from funds (budgeted),3,201057.07
cash_flow,2022,current,2022,fy2022,5,１財源,財源合計,Total funding,2,2007598.99
cash_flow,2022,current,2022,fy2022,6,業務支出（施設整備支出を除く）,人件費,Personnel,4,-52772.78
cash_flow,2022,current,2022,fy2022,7,業務支出（施設整備支出を除く）,恩給給付費,Old-age pensions for former public servants (恩給),4,-1044.35
cash_flow,2022,current,2022,fy2022,8,業務支出（施設整備支出を除く）,基礎年金給付費,Basic pension benefits,4,-241967.89
cash_flow,2022,current,2022,fy2022,9,業務支出（施設整備支出を除く）,国民年金給付費,National pension benefits,4,-2475.89
cash_flow,2022,current,2022,fy2022,10,業務支出（施設整備支出を除く）,厚生年金給付費,Employees' pension benefits,4,-234395.24
cash_flow,2022,current,2022,fy2022,11,業務支出（施設整備支出を除く）,国家公務員共済組合連合会等交付金,Public-servant mutual aid grants,4,-47646.83
cash_flow,2022,current,2022,fy2022,12,業務支出（施設整備支出を除く）,保険料等交付金,Health insurance grants,4,-109102.68
cash_flow,2022,current,2022,fy2022,13,業務支出（施設整備支出を除く）,失業等給付費,Unemployment benefits,4,-11552.28
cash_flow,2022,current,2022,fy2022,14,業務支出（施設整備支出を除く）,育児休業給付費,Childcare leave benefits,4,-6948.3
cash_flow,2022,current,2022,fy2022,15,業務支出（施設整備支出を除く）,雇用安定等給付費,Employment stabilisation benefits,4,-10184.37
cash_flow,2022,current,2022,fy2022,16,業務支出（施設整備支出を除く）,その他の社会保障費,Other social security,4,-14907.5
cash_flow,2022,current,2022,fy2022,17,業務支出（施設整備支出を除く）,（再）保険費等,(Re)insurance claims,4,-1119.94
cash_flow,2022,current,2022,fy2022,18,業務支出（施設整備支出を除く）,公共用施設整備費等,Public facility maintenance,4,-821.6
cash_flow,2022,current,2022,fy2022,19,業務支出（施設整備支出を除く）,持続化給付金等,Business continuity payments (COVID-19),4,-11892.88
cash_flow,2022,current,2022,fy2022,20,業務支出（施設整備支出を除く）,補助金等,Subsidies,4,-560747.92
cash_flow,2022,current,2022,fy2022,21,業務支出（施設整備支出を除く）,委託費等,Outsourcing,4,-30707.91
cash_flow,2022,current,2022,fy2022,22,業務支出（施設整備支出を除く）,地方交付税交付金等,Transfers to local governments (地方交付税),4,-216157.86
cash_flow,2022,current,2022,fy2022,23,業務支出（施設整備支出を除く）,運営費交付金,Grants to independent agencies,4,-32586.12
cash_flow,2022,current,2022,fy2022,24,業務支出（施設整備支出を除く）,貸付けによる支出,Lending,4,-1458.49
cash_flow,2022,current,2022,fy2022,25,業務支出（施設整備支出を除く）,出資による支出,Capital investment,4,-6857.78
cash_flow,2022,current,2022,fy2022,26,業務支出（施設整備支出を除く）,庁費等の支出,Office expenses,4,-52750.63
cash_flow,2022,current,2022,fy2022,27,業務支出（施設整備支出を除く）,その他の支出,Other payments,4,-12745.98
cash_flow,2022,current,2022,fy2022,28,業務支出（施設整備支出を除く）,資金への繰入（予算上措置されたもの）,Transfers to funds (budgeted),4,-143891.43
cash_flow,2022,current,2022,fy2022,29,業務支出（施設整備支出を除く）,業務支出（施設整備支出を除く）合計,Operating payments excl. facilities,3,-1804736.77
cash_flow,2022,current,2022,fy2022,30,施設整備支出,公共用財産用地に係る支出,Public-use land,4,-1913.5
cash_flow,2022,current,2022,fy2022,31,施設整備支出,公共用財産施設に係る支出,Public-use facilities,4,-29451.29
cash_flow,2022,current,2022,fy2022,32,施設整備支出,その他の施設整備支出,Other facility payments,4,-13576.11
cash_flow,2022,current,2022,fy2022,33,施設整備支出,施設整備支出合計,Total facility payments,3,-44940.9
cash_flow,2022,current,2022,fy2022,34,施設整備支出,業務支出合計,Total operating payments,2,-1849677.68
cash_flow,2022,current,2022,fy2022,35,施設整備支出,業務収支,Operating cash flow,1,157921.3
cash_flow,2022,current,2022,fy2022,36,財務収支,公債の発行による収入,Bond issuance,2,2123454.21
cash_flow,2022,current,2022,fy2022,37,財務収支,公債の償還による支出,Bond redemption,2,-1825226.37
cash_flow,2022,current,2022,fy2022,38,財務収支,政府短期証券の発行による収入,Financing bill issuance,2,13944.0
cash_flow,2022,current,2022,fy2022,39,財務収支,政府短期証券の償還による支出,Financing bill redemption,2,-13394.0
cash_flow,2022,current,2022,fy2022,40,財務収支,借入による収入,Borrowing,2,328115.92
cash_flow,2022,current,2022,fy2022,41,財務収支,借入金の返済による支出,Loan repayment,2,-320250.79
cash_flow,2022,current,2022,fy2022,42,財務収支,リース・ＰＦＩ債務の返済による支出,Lease/PFI repayments,2,-471.39
cash_flow,2022,current,2022,fy2022,43,財務収支,預託金利息,Interest on FILP deposits,2,-335.48
cash_flow,2022,current,2022,fy2022,44,財務収支,利息の支払額（預託金利息を除く）,Interest paid,2,-78778.94
cash_flow,2022,current,2022,fy2022,45,財務収支,公債事務取扱に係る支出,Bond administration,2,-173.35
cash_flow,2022,current,2022,fy2022,46,財務収支,その他収入,Other receipts,2,0.0
cash_flow,2022,current,2022,fy2022,47,財務収支,資金からの受入,Transfers from funds,2,71604.87
cash_flow,2022,current,2022,fy2022,48,財務収支,資金への繰入,Transfers to funds,2,-87588.65
cash_flow,2022,current,2022,fy2022,49,財務収支,財務収支,Financing cash flow,1,210899.99
cash_flow,2022,current,2022,fy2022,50,財務収支,本年度収支,Net cash flow for the year,1,368821.3
cash_flow,2022,current,2022,fy2022,51,財務収支,資金からの受入（決算処理によるもの）,Transfers from funds (settlement),2,1090.18
cash_flow,2022,current,2022,fy2022,52,財務収支,資金への繰入（決算処理によるもの）,Transfers to funds (settlement),2,-41872.9
cash_flow,2022,current,2022,fy2022,53,財務収支,国立研究開発法人森林総合研究所に承継する額,Transferred to Forest Research institute,2,0.0
cash_flow,2022,current,2022,fy2022,54,財務収支,旧臨時軍事費特別会計に係る控除額,Deduction for former wartime special account,2,0.0
cash_flow,2022,current,2022,fy2022,55,財務収支,「高度専門医療に関する研究等を行う独立行政法人に関する法律」第2条各号に規定する独立行政法人に承継する支出,Transferred to national advanced-medicine research agencies,2,0.0
cash_flow,2022,current,2022,fy2022,56,財務収支,収支に関する換算差額,Translation difference,2,0.0
cash_flow,2022,current,2022,fy2022,57,財務収支,翌年度歳入繰入,Carried to next year's revenue,1,328038.57
cash_flow,2022,current,2022,fy2022,58,財務収支,特別会計に関する法律第47条第1項の規定による借換国債収入額,Advance refunding bond receipts (Special Accounts Act art. 47),2,154988.0
cash_flow,2022,current,2022,fy2022,59,財務収支,翌年度歳入繰入の預託金への運用,Carry-over placed in FILP deposits,2,-6037.34
cash_flow,2022,current,2022,fy2022,60,財務収支,翌年度歳入繰入の預託金以外への運用,Carry-over placed elsewhere,2,-1237.61
cash_flow,2022,current,2022,fy2022,61,財務収支,収支に関する換算差額 (2),Translation difference,2,22885.97
cash_flow,2022,current,2022,fy2022,62,財務収支,資金本年度末残高,Fund balances at year end,2,249128.83
cash_flow,2022,current,2022,fy2022,63,財務収支,その他歳計外現金･預金本年度末残高,Other off-budget cash at year end,2,15971.59
cash_flow,2022,current,2022,fy2022,64,財務収支,国庫余裕金の繰替使用,Temporary use of treasury surplus,2,-226000.0
cash_flow,2022,current,2022,fy2022,65,財務収支,本年度末現金･預金残高,Cash and deposits at year end,1,537738.03
cash_flow,2023,current,2023,fy2023,1,１財源,租税等収入,Tax and similar receipts,3,773872.02
cash_flow,2023,current,2023,fy2023,2,１財源,その他の収入,Other receipts,3,745481.49
cash_flow,2023,current,2023,fy2023,3,１財源,前年度剰余金受入,Surplus carried from previous year,3,328038.57
cash_flow,2023,current,2023,fy2023,4,１財源,資金からの受入（予算上措置されたもの）,Transfers from funds (budgeted),3,122123.37
cash_flow,2023,current,2023,fy2023,5,１財源,財源合計,Total funding,2,1969515.47
cash_flow,2023,current,2023,fy2023,6,業務支出（施設整備支出を除く）,人件費,Personnel,4,-52561.14
cash_flow,2023,current,2023,fy2023,7,業務支出（施設整備支出を除く）,恩給給付費,Old-age pensions for former public servants (恩給),4,-812.51
cash_flow,2023,current,2023,fy2023,8,業務支出（施設整備支出を除く）,基礎年金給付費,Basic pension benefits,4,-246944.82
cash_flow,2023,current,2023,fy2023,9,業務支出（施設整備支出を除く）,国民年金給付費,National pension benefits,4,-2074.98
cash_flow,2023,current,2023,fy2023,10,業務支出（施設整備支出を除く）,厚生年金給付費,Employees' pension benefits,4,-236365.29
cash_flow,2023,current,2023,fy2023,11,業務支出（施設整備支出を除く）,国家公務員共済組合連合会等交付金,Public-servant mutual aid grants,4,-47559.18
cash_flow,2023,current,2023,fy2023,12,業務支出（施設整備支出を除く）,保険料等交付金,Health insurance grants,4,-110234.0
cash_flow,2023,current,2023,fy2023,13,業務支出（施設整備支出を除く）,失業等給付費,Unemployment benefits,4,-11931.38
cash_flow,2023,current,2023,fy2023,14,業務支出（施設整備支出を除く）,育児休業給付費,Childcare leave benefits,4,-7493.73
cash_flow,2023,current,2023,fy2023,15,業務支出（施設整備支出を除く）,雇用安定等給付費,Employment stabilisation benefits,4,-2114.31
cash_flow,2023,current,2023,fy2023,16,業務支出（施設整備支出を除く）,その他の社会保障費,Other social security,4,-13933.4
cash_flow,2023,current,2023,fy2023,17,業務支出（施設整備支出を除く）,（再）保険費等,(Re)insurance claims,4,-312.97
cash_flow,2023,current,2023,fy2023,18,業務支出（施設整備支出を除く）,公共用施設整備費等,Public facility maintenance,4,-855.04
cash_flow,2023,current,2023,fy2023,19,業務支出（施設整備支出を除く）,持続化給付金等,Business continuity payments (COVID-19),4,0.0
cash_flow,2023,current,2023,fy2023,20,業務支出（施設整備支出を除く）,補助金等,Subsidies,4,-496308.08
cash_flow,2023,current,2023,fy2023,21,業務支出（施設整備支出を除く）,委託費等,Outsourcing,4,-27186.29
cash_flow,2023,current,2023,fy2023,22,業務支出（施設整備支出を除く）,地方交付税交付金等,Transfers to local governments (地方交付税),4,-219990.11
cash_flow,2023,current,2023,fy2023,23,業務支出（施設整備支出を除く）,運営費交付金,Grants to independent agencies,4,-31404.49
cash_flow,2023,current,2023,fy2023,24,業務支出（施設整備支出を除く）,貸付けによる支出,Lending,4,-1454.76
cash_flow,2023,current,2023,fy2023,25,業務支出（施設整備支出を除く）,出資による支出,Capital investment,4,-5729.11
cash_flow,2023,current,2023,fy2023,26,業務支出（施設整備支出を除く）,庁費等の支出,Office expenses,4,-57162.97
cash_flow,2023,current,2023,fy2023,27,業務支出（施設整備支出を除く）,その他の支出,Other payments,4,-12441.33
cash_flow,2023,current,2023,fy2023,28,業務支出（施設整備支出を除く）,資金への繰入（予算上措置されたもの）,Transfers to funds (budgeted),4,-75054.17
cash_flow,2023,current,2023,fy2023,29,業務支出（施設整備支出を除く）,業務支出（施設整備支出を除く）合計,Operating payments excl. facilities,3,-1659924.18
cash_flow,2023,current,2023,fy2023,30,施設整備支出,公共用財産用地に係る支出,Public-use land,4,-1852.62
cash_flow,2023,current,2023,fy2023,31,施設整備支出,公共用財産施設に係る支出,Public-use facilities,4,-28832.83
cash_flow,2023,current,2023,fy2023,32,施設整備支出,その他の施設整備支出,Other facility payments,4,-22616.02
cash_flow,2023,current,2023,fy2023,33,施設整備支出,施設整備支出合計,Total facility payments,3,-53301.49
cash_flow,2023,current,2023,fy2023,34,施設整備支出,業務支出合計,Total operating payments,2,-1713225.67
cash_flow,2023,current,2023,fy2023,35,施設整備支出,業務収支,Operating cash flow,1,256289.8
cash_flow,2023,current,2023,fy2023,36,財務収支,公債の発行による収入,Bond issuance,2,1934551.55
cash_flow,2023,current,2023,fy2023,37,財務収支,公債の償還による支出,Bond redemption,2,-1813743.79
cash_flow,2023,current,2023,fy2023,38,財務収支,政府短期証券の発行による収入,Financing bill issuance,2,13334.0
cash_flow,2023,current,2023,fy2023,39,財務収支,政府短期証券の償還による支出,Financing bill redemption,2,-13944.0
cash_flow,2023,current,2023,fy2023,40,財務収支,借入による収入,Borrowing,2,332090.6
cash_flow,2023,current,2023,fy2023,41,財務収支,借入金の返済による支出,Loan repayment,2,-322220.6
cash_flow,2023,current,2023,fy2023,42,財務収支,リース・ＰＦＩ債務の返済による支出,Lease/PFI repayments,2,-433.27
cash_flow,2023,current,2023,fy2023,43,財務収支,預託金利息,Interest on FILP deposits,2,-303.5
cash_flow,2023,current,2023,fy2023,44,財務収支,利息の支払額（預託金利息を除く）,Interest paid,2,-81492.62
cash_flow,2023,current,2023,fy2023,45,財務収支,公債事務取扱に係る支出,Bond administration,2,-173.51
cash_flow,2023,current,2023,fy2023,46,財務収支,資金からの受入,Transfers from funds,2,61914.86
cash_flow,2023,current,2023,fy2023,47,財務収支,資金への繰入,Transfers to funds,2,-82332.32
cash_flow,2023,current,2023,fy2023,48,財務収支,財務収支,Financing cash flow,1,27247.38
cash_flow,2023,current,2023,fy2023,49,財務収支,本年度収支,Net cash flow for the year,1,283537.19
cash_flow,2023,current,2023,fy2023,50,財務収支,資金からの受入（決算処理によるもの）,Transfers from funds (settlement),2,0.0
cash_flow,2023,current,2023,fy2023,51,財務収支,資金への繰入（決算処理によるもの）,Transfers to funds (settlement),2,-54319.82
cash_flow,2023,current,2023,fy2023,52,財務収支,翌年度歳入繰入,Carried to next year's revenue,1,229217.36
cash_flow,2023,current,2023,fy2023,53,財務収支,特別会計に関する法律第47条第1項の規定による借換国債収入額,Advance refunding bond receipts (Special Accounts Act art. 47),2,243579.27
cash_flow,2023,current,2023,fy2023,54,財務収支,翌年度歳入繰入の預託金への運用,Carry-over placed in FILP deposits,2,-5366.71
cash_flow,2023,current,2023,fy2023,55,財務収支,翌年度歳入繰入の預託金以外への運用,Carry-over placed elsewhere,2,-752.76
cash_flow,2023,current,2023,fy2023,56,財務収支,収支に関する換算差額,Translation difference,2,21013.17
cash_flow,2023,current,2023,fy2023,57,財務収支,資金本年度末残高,Fund balances at year end,2,326344.09
cash_flow,2023,current,2023,fy2023,58,財務収支,その他歳計外現金･預金本年度末残高,Other off-budget cash at year end,2,16588.02
cash_flow,2023,current,2023,fy2023,59,財務収支,国庫余裕金の繰替使用,Temporary use of treasury surplus,2,-177000.0
cash_flow,2023,current,2023,fy2023,60,財務収支,本年度末現金･預金残高,Cash and deposits at year end,1,653622.44
net_assets_change,2019,previous,2020,fy2020,1,,前年度末資産・負債差額,Net assets at start of year,0,-5833567.18
net_assets_change,2019,previous,2020,fy2020,2,,本年度業務費用合計(増減),Operating cost for the year,0,-1498398.71
net_assets_change,2019,previous,2020,fy2020,3,,財源,Funding,0,1295426.26
net_assets_change,2019,previous,2020,fy2020,4,,租税等財源,Taxes and similar,3,621751.34
net_assets_change,2019,previous,2020,fy2020,5,,その他の財源,Other funding (incl. social insurance premiums),3,673674.91
net_assets_change,2019,previous,2020,fy2020,6,,資産評価差額,Asset revaluation,0,84455.37
net_assets_change,2019,previous,2020,fy2020,7,,為替換算差額,Foreign-exchange translation,0,-5523.42
net_assets_change,2019,previous,2020,fy2020,8,,公的年金預り金の変動に伴う増減,Change in public pension reserves,0,-4270.25
net_assets_change,2019,previous,2020,fy2020,9,,その他資産･負債差額の増減,Other changes,0,43776.96
net_assets_change,2019,previous,2020,fy2020,10,,本年度末資産・負債差額,Net assets at end of year,0,-5918100.97
net_assets_change,2020,current,2020,fy2020,1,,前年度末資産・負債差額,Net assets at start of year,0,-5918100.97
net_assets_change,2020,current,2020,fy2020,2,,本年度業務費用合計(増減),Operating cost for the year,0,-1907323.84
net_assets_change,2020,current,2020,fy2020,3,,財源,Funding,0,1316539.97
net_assets_change,2020,current,2020,fy2020,4,,租税等財源,Taxes and similar,3,649330.13
net_assets_change,2020,current,2020,fy2020,5,,その他の財源,Other funding (incl. social insurance premiums),3,667209.84
net_assets_change,2020,current,2020,fy2020,6,,資産評価差額,Asset revaluation,0,-14976.44
net_assets_change,2020,current,2020,fy2020,7,,為替換算差額,Foreign-exchange translation,0,-41768.15
net_assets_change,2020,current,2020,fy2020,8,,公的年金預り金の変動に伴う増減,Change in public pension reserves,0,-6120.35
net_assets_change,2020,current,2020,fy2020,9,,その他資産･負債差額の増減,Other changes,0,20115.64
net_assets_change,2020,current,2020,fy2020,10,,本年度末資産・負債差額,Net assets at end of year,0,-6551634.14
net_assets_change,2021,current,2021,fy2021,1,,前年度末資産・負債差額,Net assets at start of year,0,-6551634.14
net_assets_change,2021,current,2021,fy2021,2,,本年度業務費用合計(増減),Operating cost for the year,0,-1801466.52
net_assets_change,2021,current,2021,fy2021,3,,財源,Funding,0,1393297.51
net_assets_change,2021,current,2021,fy2021,4,,租税等財源,Taxes and similar,3,718811.11
net_assets_change,2021,current,2021,fy2021,5,,その他の財源,Other funding (incl. social insurance premiums),3,674486.39
net_assets_change,2021,current,2021,fy2021,6,,資産評価差額,Asset revaluation,0,-42825.58
net_assets_change,2021,current,2021,fy2021,7,,為替換算差額,Foreign-exchange translation,0,124603.24
net_assets_change,2021,current,2021,fy2021,8,,公的年金預り金の変動に伴う増減,Change in public pension reserves,0,-4787.96
net_assets_change,2021,current,2021,fy2021,9,,その他資産･負債差額の増減,Other changes,0,12506.96
net_assets_change,2021,current,2021,fy2021,10,,本年度末資産・負債差額,Net assets at end of year,0,-6870306.5
net_assets_change,2022,current,2022,fy2022,1,,前年度末資産・負債差額,Net assets at start of year,0,-6870306.5
net_assets_change,2022,current,2022,fy2022,2,,本年度業務費用合計(増減),Operating cost for the year,0,-1775846.82
net_assets_change,2022,current,2022,fy2022,3,,財源,Funding,0,1453782.07
net_assets_change,2022,current,2022,fy2022,4,,租税等財源,Taxes and similar,3,763376.99
net_assets_change,2022,current,2022,fy2022,5,,その他の財源,Other funding (incl. social insurance premiums),3,690405.07
net_assets_change,2022,current,2022,fy2022,6,,資産評価差額,Asset revaluation,0,-25643.0
net_assets_change,2022,current,2022,fy2022,7,,為替換算差額,Foreign-exchange translation,0,184774.54
net_assets_change,2022,current,2022,fy2022,8,,公的年金預り金の変動に伴う増減,Change in public pension reserves,0,-7542.71
net_assets_change,2022,current,2022,fy2022,9,,その他資産･負債差額の増減,Other changes,0,20698.31
net_assets_change,2022,current,2022,fy2022,10,,本年度末資産・負債差額,Net assets at end of year,0,-7020084.11
net_assets_change,2023,current,2023,fy2023,1,,前年度末資産・負債差額,Net assets at start of year,0,-7020084.11
net_assets_change,2023,current,2023,fy2023,2,,本年度業務費用合計(増減),Operating cost for the year,0,-1703834.57
net_assets_change,2023,current,2023,fy2023,3,,財源,Funding,0,1513438.75
net_assets_change,2023,current,2023,fy2023,4,,租税等財源,Taxes and similar,3,773872.02
net_assets_change,2023,current,2023,fy2023,5,,その他の財源,Other funding (incl. social insurance premiums),3,739566.72
net_assets_change,2023,current,2023,fy2023,6,,資産評価差額,Asset revaluation,0,44565.02
net_assets_change,2023,current,2023,fy2023,7,,為替換算差額,Foreign-exchange translation,0,213279.04
net_assets_change,2023,current,2023,fy2023,8,,公的年金預り金の変動に伴う増減,Change in public pension reserves,0,-24754.99
net_assets_change,2023,current,2023,fy2023,9,,その他資産･負債差額の増減,Other changes,0,19998.59
net_assets_change,2023,current,2023,fy2023,10,,本年度末資産・負債差額,Net assets at end of year,0,-6957392.26
operating_cost,2019,previous,2020,fy2020,1,,人件費,Personnel,1,45004.47
operating_cost,2019,previous,2020,fy2020,2,,賞与引当金繰入額,Bonus reserve provision,1,3280.31
operating_cost,2019,previous,2020,fy2020,3,,退職給付引当金繰入額,Retirement benefit provision,1,3606.47
operating_cost,2019,previous,2020,fy2020,4,,基礎年金給付費,Basic pension benefits,1,234537.67
operating_cost,2019,previous,2020,fy2020,5,,国民年金給付費,National pension benefits,1,3980.7
operating_cost,2019,previous,2020,fy2020,6,,厚生年金給付費,Employees' pension benefits,1,235606.17
operating_cost,2019,previous,2020,fy2020,7,,国家公務員共済組合連合会等交付金,Public-servant mutual aid grants,1,46008.38
operating_cost,2019,previous,2020,fy2020,8,,保険料等交付金,Health insurance grants,1,105648.81
operating_cost,2019,previous,2020,fy2020,9,,失業等給付費,Unemployment benefits,1,11001.17
operating_cost,2019,previous,2020,fy2020,10,,育児休業給付費,Childcare leave benefits,1,5709.34
operating_cost,2019,previous,2020,fy2020,11,,雇用安定等給付費,Employment stabilisation benefits,1,1836.8
operating_cost,2019,previous,2020,fy2020,12,,その他の社会保障費,Other social security,1,11493.29
operating_cost,2019,previous,2020,fy2020,13,,（再）保険費等,(Re)insurance claims,1,310.08
operating_cost,2019,previous,2020,fy2020,14,,公共用施設整備費等,Public facility maintenance,1,956.91
operating_cost,2019,previous,2020,fy2020,15,,持続化給付金等,Business continuity payments (COVID-19),1,0.0
operating_cost,2019,previous,2020,fy2020,16,,補助金等,Subsidies,1,328265.15
operating_cost,2019,previous,2020,fy2020,17,,委託費等,Outsourcing,1,24989.52
operating_cost,2019,previous,2020,fy2020,18,,地方交付税交付金等,Transfers to local governments (地方交付税),1,198213.58
operating_cost,2019,previous,2020,fy2020,19,,資金援助交付費,Deposit-insurance assistance,1,5260.0
operating_cost,2019,previous,2020,fy2020,20,,運営費交付金,Grants to independent agencies,1,33611.95
operating_cost,2019,previous,2020,fy2020,21,,庁費等,Office expenses,1,34210.25
operating_cost,2019,previous,2020,fy2020,22,,公債事務取扱費,Bond administration,1,325.46
operating_cost,2019,previous,2020,fy2020,23,,その他の経費,Other expenses,1,10361.95
operating_cost,2019,previous,2020,fy2020,24,,減価償却費,Depreciation,1,51325.49
operating_cost,2019,previous,2020,fy2020,25,,責任準備金繰入額,Policy reserve provision,1,1568.86
operating_cost,2019,previous,2020,fy2020,26,,貸倒引当金繰入額,Bad-debt provision,1,5669.13
operating_cost,2019,previous,2020,fy2020,27,,支払利息,Interest paid,1,68539.02
operating_cost,2019,previous,2020,fy2020,28,,為替換算差損益,Foreign-exchange translation loss/gain,1,24.16
operating_cost,2019,previous,2020,fy2020,29,,公債償還損益,Bond redemption loss/gain,1,7.05
operating_cost,2019,previous,2020,fy2020,30,,資産処分損益,Asset disposal loss/gain,1,2783.29
operating_cost,2019,previous,2020,fy2020,31,,出資金等評価損,Write-down of capital investments,1,24263.13
operating_cost,2019,previous,2020,fy2020,32,,本年度業務費用合計,Total operating cost,2,1498398.71
operating_cost,2020,current,2020,fy2020,1,,人件費,Personnel,1,44881.42
operating_cost,2020,current,2020,fy2020,2,,賞与引当金繰入額,Bonus reserve provision,1,3247.89
operating_cost,2020,current,2020,fy2020,3,,退職給付引当金繰入額,Retirement benefit provision,1,3355.96
operating_cost,2020,current,2020,fy2020,4,,基礎年金給付費,Basic pension benefits,1,238723.51
operating_cost,2020,current,2020,fy2020,5,,国民年金給付費,National pension benefits,1,3399.96
operating_cost,2020,current,2020,fy2020,6,,厚生年金給付費,Employees' pension benefits,1,234745.73
operating_cost,2020,current,2020,fy2020,7,,国家公務員共済組合連合会等交付金,Public-servant mutual aid grants,1,46031.06
operating_cost,2020,current,2020,fy2020,8,,保険料等交付金,Health insurance grants,1,104486.64
operating_cost,2020,current,2020,fy2020,9,,失業等給付費,Unemployment benefits,1,14119.35
operating_cost,2020,current,2020,fy2020,10,,育児休業給付費,Childcare leave benefits,1,6436.69
operating_cost,2020,current,2020,fy2020,11,,雇用安定等給付費,Employment stabilisation benefits,1,32062.15
operating_cost,2020,current,2020,fy2020,12,,その他の社会保障費,Other social security,1,16609.38
operating_cost,2020,current,2020,fy2020,13,,（再）保険費等,(Re)insurance claims,1,280.55
operating_cost,2020,current,2020,fy2020,14,,公共用施設整備費等,Public facility maintenance,1,865.78
operating_cost,2020,current,2020,fy2020,15,,持続化給付金等,Business continuity payments (COVID-19),1,71691.92
operating_cost,2020,current,2020,fy2020,16,,補助金等,Subsidies,1,636278.15
operating_cost,2020,current,2020,fy2020,17,,委託費等,Outsourcing,1,31798.33
operating_cost,2020,current,2020,fy2020,18,,地方交付税交付金等,Transfers to local governments (地方交付税),1,194468.95
operating_cost,2020,current,2020,fy2020,19,,資金援助交付費,Deposit-insurance assistance,1,5165.0
operating_cost,2020,current,2020,fy2020,20,,運営費交付金,Grants to independent agencies,1,34620.23
operating_cost,2020,current,2020,fy2020,21,,庁費等,Office expenses,1,46733.04
operating_cost,2020,current,2020,fy2020,22,,公債事務取扱費,Bond administration,1,180.07
operating_cost,2020,current,2020,fy2020,23,,その他の経費,Other expenses,1,9717.76
operating_cost,2020,current,2020,fy2020,24,,減価償却費,Depreciation,1,50792.83
operating_cost,2020,current,2020,fy2020,25,,責任準備金繰入額,Policy reserve provision,1,-356.97
operating_cost,2020,current,2020,fy2020,26,,貸倒引当金繰入額,Bad-debt provision,1,7964.77
operating_cost,2020,current,2020,fy2020,27,,支払利息,Interest paid,1,64205.26
operating_cost,2020,current,2020,fy2020,28,,為替換算差損益,Foreign-exchange translation loss/gain,1,-209.18
operating_cost,2020,current,2020,fy2020,29,,公債償還損益,Bond redemption loss/gain,1,-162.92
operating_cost,2020,current,2020,fy2020,30,,資産処分損益,Asset disposal loss/gain,1,5085.33
operating_cost,2020,current,2020,fy2020,31,,出資金等評価損,Write-down of capital investments,1,105.07
operating_cost,2020,current,2020,fy2020,32,,本年度業務費用合計,Total operating cost,2,1907323.84
operating_cost,2021,current,2021,fy2021,1,,人件費,Personnel,1,45364.98
operating_cost,2021,current,2021,fy2021,2,,賞与引当金繰入額,Bonus reserve provision,1,3058.14
operating_cost,2021,current,2021,fy2021,3,,退職給付引当金繰入額,Retirement benefit provision,1,3603.58
operating_cost,2021,current,2021,fy2021,4,,基礎年金給付費,Basic pension benefits,1,241304.22
operating_cost,2021,current,2021,fy2021,5,,国民年金給付費,National pension benefits,1,2882.41
operating_cost,2021,current,2021,fy2021,6,,厚生年金給付費,Employees' pension benefits,1,234423.96
operating_cost,2021,current,2021,fy2021,7,,国家公務員共済組合連合会等交付金,Public-servant mutual aid grants,1,49014.41
operating_cost,2021,current,2021,fy2021,8,,保険料等交付金,Health insurance grants,1,108933.14
operating_cost,2021,current,2021,fy2021,9,,失業等給付費,Unemployment benefits,1,12949.96
operating_cost,2021,current,2021,fy2021,10,,育児休業給付費,Childcare leave benefits,1,6451.72
operating_cost,2021,current,2021,fy2021,11,,雇用安定等給付費,Employment stabilisation benefits,1,24179.31
operating_cost,2021,current,2021,fy2021,12,,その他の社会保障費,Other social security,1,17208.36
operating_cost,2021,current,2021,fy2021,13,,（再）保険費等,(Re)insurance claims,1,1538.06
operating_cost,2021,current,2021,fy2021,14,,公共用施設整備費等,Public facility maintenance,1,583.58
operating_cost,2021,current,2021,fy2021,15,,持続化給付金等,Business continuity payments (COVID-19),1,11164.37
operating_cost,2021,current,2021,fy2021,16,,補助金等,Subsidies,1,567402.7
operating_cost,2021,current,2021,fy2021,17,,委託費等,Outsourcing,1,28207.1
operating_cost,2021,current,2021,fy2021,18,,地方交付税交付金等,Transfers to local governments (地方交付税),1,224063.53
operating_cost,2021,current,2021,fy2021,19,,資金援助交付費,Deposit-insurance assistance,1,3960.0
operating_cost,2021,current,2021,fy2021,20,,運営費交付金,Grants to independent agencies,1,31916.17
operating_cost,2021,current,2021,fy2021,21,,庁費等,Office expenses,1,43329.18
operating_cost,2021,current,2021,fy2021,22,,公債事務取扱費,Bond administration,1,223.79
operating_cost,2021,current,2021,fy2021,23,,その他の経費,Other expenses,1,10429.53
operating_cost,2021,current,2021,fy2021,24,,減価償却費,Depreciation,1,54068.84
operating_cost,2021,current,2021,fy2021,25,,責任準備金繰入額,Policy reserve provision,1,-1773.47
operating_cost,2021,current,2021,fy2021,26,,貸倒引当金繰入額,Bad-debt provision,1,4573.1
operating_cost,2021,current,2021,fy2021,27,,支払利息,Interest paid,1,62639.02
operating_cost,2021,current,2021,fy2021,28,,為替換算差損益,Foreign-exchange translation loss/gain,1,-118.26
operating_cost,2021,current,2021,fy2021,29,,公債償還損益,Bond redemption loss/gain,1,116.61
operating_cost,2021,current,2021,fy2021,30,,資産処分損益,Asset disposal loss/gain,1,5300.31
operating_cost,2021,current,2021,fy2021,31,,出資金等評価損,Write-down of capital investments,1,4468.04
operating_cost,2021,current,2021,fy2021,32,,本年度業務費用合計,Total operating cost,2,1801466.52
operating_cost,2022,current,2022,fy2022,1,,人件費,Personnel,1,44852.96
operating_cost,2022,current,2022,fy2022,2,,賞与引当金繰入額,Bonus reserve provision,1,3239.93
operating_cost,2022,current,2022,fy2022,3,,退職給付引当金繰入額,Retirement benefit provision,1,3688.27
operating_cost,2022,current,2022,fy2022,4,,基礎年金給付費,Basic pension benefits,1,241999.0
operating_cost,2022,current,2022,fy2022,5,,国民年金給付費,National pension benefits,1,2398.41
operating_cost,2022,current,2022,fy2022,6,,厚生年金給付費,Employees' pension benefits,1,234233.69
operating_cost,2022,current,2022,fy2022,7,,国家公務員共済組合連合会等交付金,Public-servant mutual aid grants,1,47646.83
operating_cost,2022,current,2022,fy2022,8,,保険料等交付金,Health insurance grants,1,109284.52
operating_cost,2022,current,2022,fy2022,9,,失業等給付費,Unemployment benefits,1,11473.93
operating_cost,2022,current,2022,fy2022,10,,育児休業給付費,Childcare leave benefits,1,6948.3
operating_cost,2022,current,2022,fy2022,11,,雇用安定等給付費,Employment stabilisation benefits,1,10184.37
operating_cost,2022,current,2022,fy2022,12,,その他の社会保障費,Other social security,1,14879.68
operating_cost,2022,current,2022,fy2022,13,,（再）保険費等,(Re)insurance claims,1,1044.01
operating_cost,2022,current,2022,fy2022,14,,公共用施設整備費等,Public facility maintenance,1,636.24
operating_cost,2022,current,2022,fy2022,15,,持続化給付金等,Business continuity payments (COVID-19),1,11892.88
operating_cost,2022,current,2022,fy2022,16,,補助金等,Subsidies,1,560489.43
operating_cost,2022,current,2022,fy2022,17,,委託費等,Outsourcing,1,31409.53
operating_cost,2022,current,2022,fy2022,18,,地方交付税交付金等,Transfers to local governments (地方交付税),1,216157.86
operating_cost,2022,current,2022,fy2022,19,,資金援助交付費,Deposit-insurance assistance,1,4923.0
operating_cost,2022,current,2022,fy2022,20,,運営費交付金,Grants to independent agencies,1,32586.12
operating_cost,2022,current,2022,fy2022,21,,庁費等,Office expenses,1,43044.74
operating_cost,2022,current,2022,fy2022,22,,公債事務取扱費,Bond administration,1,173.16
operating_cost,2022,current,2022,fy2022,23,,その他の経費,Other expenses,1,12967.78
operating_cost,2022,current,2022,fy2022,24,,減価償却費,Depreciation,1,55396.66
operating_cost,2022,current,2022,fy2022,25,,責任準備金繰入額,Policy reserve provision,1,4314.19
operating_cost,2022,current,2022,fy2022,26,,貸倒引当金繰入額,Bad-debt provision,1,4440.7
operating_cost,2022,current,2022,fy2022,27,,支払利息,Interest paid,1,62687.24
operating_cost,2022,current,2022,fy2022,28,,為替換算差損益,Foreign-exchange translation loss/gain,1,-157.12
operating_cost,2022,current,2022,fy2022,29,,公債償還損益,Bond redemption loss/gain,1,157.31
operating_cost,2022,current,2022,fy2022,30,,資産処分損益,Asset disposal loss/gain,1,1185.2
operating_cost,2022,current,2022,fy2022,31,,出資金等評価損,Write-down of capital investments,1,1667.84
operating_cost,2022,current,2022,fy2022,32,,本年度業務費用合計,Total operating cost,2,1775846.82
operating_cost,2023,current,2023,fy2023,1,,人件費,Personnel,1,45741.38
operating_cost,2023,current,2023,fy2023,2,,賞与引当金繰入額,Bonus reserve provision,1,3344.13
operating_cost,2023,current,2023,fy2023,3,,退職給付引当金繰入額,Retirement benefit provision,1,2676.27
operating_cost,2023,current,2023,fy2023,4,,基礎年金給付費,Basic pension benefits,1,247969.3
operating_cost,2023,current,2023,fy2023,5,,国民年金給付費,National pension benefits,1,2018.2
operating_cost,2023,current,2023,fy2023,6,,厚生年金給付費,Employees' pension benefits,1,236940.6
operating_cost,2023,current,2023,fy2023,7,,国家公務員共済組合連合会等交付金,Public-servant mutual aid grants,1,47559.18
operating_cost,2023,current,2023,fy2023,8,,保険料等交付金,Health insurance grants,1,110498.6
operating_cost,2023,current,2023,fy2023,9,,失業等給付費,Unemployment benefits,1,11948.45
operating_cost,2023,current,2023,fy2023,10,,育児休業給付費,Childcare leave benefits,1,7493.73
operating_cost,2023,current,2023,fy2023,11,,雇用安定等給付費,Employment stabilisation benefits,1,2114.31
operating_cost,2023,current,2023,fy2023,12,,その他の社会保障費,Other social security,1,13935.21
operating_cost,2023,current,2023,fy2023,13,,（再）保険費等,(Re)insurance claims,1,283.32
operating_cost,2023,current,2023,fy2023,14,,公共用施設整備費等,Public facility maintenance,1,609.68
operating_cost,2023,current,2023,fy2023,15,,持続化給付金等,Business continuity payments (COVID-19),1,0.0
operating_cost,2023,current,2023,fy2023,16,,補助金等,Subsidies,1,496333.69
operating_cost,2023,current,2023,fy2023,17,,委託費等,Outsourcing,1,28090.38
operating_cost,2023,current,2023,fy2023,18,,地方交付税交付金等,Transfers to local governments (地方交付税),1,219990.11
operating_cost,2023,current,2023,fy2023,19,,資金援助交付費,Deposit-insurance assistance,1,3772.0
operating_cost,2023,current,2023,fy2023,20,,運営費交付金,Grants to independent agencies,1,31404.49
operating_cost,2023,current,2023,fy2023,21,,庁費等,Office expenses,1,44125.99
operating_cost,2023,current,2023,fy2023,22,,公債事務取扱費,Bond administration,1,171.77
operating_cost,2023,current,2023,fy2023,23,,その他の経費,Other expenses,1,12585.72
operating_cost,2023,current,2023,fy2023,24,,減価償却費,Depreciation,1,55869.03
operating_cost,2023,current,2023,fy2023,25,,責任準備金繰入額,Policy reserve provision,1,630.4
operating_cost,2023,current,2023,fy2023,26,,貸倒引当金繰入額,Bad-debt provision,1,3160.15
operating_cost,2023,current,2023,fy2023,27,,支払利息,Interest paid,1,66508.44
operating_cost,2023,current,2023,fy2023,28,,為替換算差損益,Foreign-exchange translation loss/gain,1,-218.34
operating_cost,2023,current,2023,fy2023,29,,公債償還損益,Bond redemption loss/gain,1,1575.19
operating_cost,2023,current,2023,fy2023,30,,資産処分損益,Asset disposal loss/gain,1,4193.85
operating_cost,2023,current,2023,fy2023,31,,出資金等評価損,Write-down of capital investments,1,2509.22
operating_cost,2023,current,2023,fy2023,32,,本年度業務費用合計,Total operating cost,2,1703834.57
